S No,Mob No,Name,PG Name,Profession,Company Name,Calling Purpose,Time Stamp,Sessions
1,6267007669,Dishant,,,,GIC,2026-05-14 20:30:54,2026-05-14
2,6206563904,Durgesh Gupta,,,,GIC,2026-07-22 00:00:00,
3,9550415564,Mahesh Kumar Adapa,,,,GIC,2026-07-22 00:00:00,
4,8309277988,Ravi teja,,,,GIC,2026-07-22 00:00:00,
5,6302006208,Krishna,,,,GIC,2026-07-22 00:00:00,
6,8977255265,Rohit,,,,GIC,2026-07-22 00:00:00,
7,8978082338,Gagan,,,,GIC,2026-07-22 00:00:00,
8,9933551204,Devayan,,,,GIC,2026-07-22 00:00:00,
9,9390017183,Amarnath,,,,GIC,2026-07-22 00:00:00,
10,8971021502,Arjun,,,,GIC,2026-07-22 00:00:00,
11,8310885660,Shiv prakash,,,,GIC,2026-07-22 00:00:00,
12,8700277145,Abhishek,,,,GIC,2026-07-22 00:00:00,
13,7702688121,Avinash,,,,GIC,2026-07-22 00:00:00,
14,9689879807,,,,,GIC,2026-07-22 00:00:00,
15,9975555203,,,,,GIC,2026-07-22 00:00:00,
16,9515016435,Dhanush,,,,GIC,2026-07-22 00:00:00,
17,9429422927,,,,,GIC,2026-07-22 00:00:00,
18,9140011305,pavan,,,,GIC,2026-07-22 00:00:00,
19,8978876112,ganesh shivaji,,,,GIC,2026-07-22 00:00:00,
20,7036368166,Indra,,,,GIC,2026-07-22 00:00:00,
21,9182326539,Naga Mallesh,,,,GIC,2026-07-22 00:00:00,
22,7287908321,,,,,GIC,2026-07-22 00:00:00,
23,9977709092,Saurabh,,,,GIC,2026-07-22 00:00:00,
24,9000346712,Mataji,,,,GIC,2026-07-22 00:00:00,
25,7003149501,Sanskar,,,,GIC,2026-07-22 00:00:00,
26,7411285196,Akash,,,,GIC,2026-07-22 00:00:00,
27,7981024773,Abhi Ram,,,,GIC,2026-07-22 00:00:00,
28,8500010388,,,,,GIC,2026-07-22 00:00:00,
29,7013266357,,,,,GIC,2026-07-22 00:00:00,
30,8341741102,Barath,,,,GIC,2026-07-22 00:00:00,
31,8247712266,,,,,GIC,2026-07-22 00:00:00,
32,8309581481,GIRI GURAJALA,,,,GIC,2026-07-22 00:00:00,
33,9392890625,kishoregolagani143,,,,GIC,2026-07-22 00:00:00,
34,8688206121,Kk,,,,GIC,2026-07-22 00:00:00,
35,7755923235,Manish Maldhure,,,,GIC,2026-07-22 00:00:00,
36,9959565034,deekshithreddy,,,,GIC,2026-07-22 00:00:00,
37,8367325369,nanibangaru939,,,,GIC,2026-07-22 00:00:00,
38,6281625698,pavan⚜️,,,,GIC,2026-07-22 00:00:00,
39,7658978970,PerfectlyBalaji,,,,GIC,2026-07-22 00:00:00,
40,9100462437,Radhamadhav,,,,GIC,2026-07-22 00:00:00,
41,8145832242,Ranabir Palmal,,,,GIC,2026-07-22 00:00:00,
42,9505583515,RATHOD VENKATESH,,,,GIC,2026-07-22 00:00:00,
43,9494569521,,,,,GIC,2026-07-22 00:00:00,
44,8007475363,Mayur Harinkhede,,,,GIC,2026-07-22 00:00:00,
45,9398354585,,,,,GIC,2026-07-22 00:00:00,
46,8249281521,,,,,GIC,2026-07-22 00:00:00,
47,9205613291,,,,,GIC,2026-07-22 00:00:00,
48,9545454330,,,,,GIC,2026-07-22 00:00:00,
49,7416156093,,,,,GIC,2026-03-12 19:52:49,2026-06-18
50,7337074450,,,,,GIC,2026-07-22 00:00:00,
51,6302898784,Boom💥,,,,GIC,2026-07-22 00:00:00,
52,8919326355,,,,,GIC,2026-07-22 00:00:00,
53,6300500266,,,,,GIC,2026-07-22 00:00:00,
54,7075826346,,,,,GIC,2026-07-22 00:00:00,
55,7829419776,Pranati TCS,,,,GIC,2026-07-22 00:00:00,
56,7658934643,,,,,GIC,2026-07-22 00:00:00,
57,9704965991,,,,,GIC,2026-07-22 00:00:00,
58,9640756747,,,,,GIC,2026-07-22 00:00:00,
59,9705770679,,,,,GIC,2026-07-22 00:00:00,
60,7032804558,,,,,GIC,2026-07-22 00:00:00,
61,7995993492,Mahendra Tirumani,,,,GIC,2026-07-22 00:00:00,
62,9618722210,Krishnam Raju Mahali,,,,GIC,2026-07-02 20:08:12,"2026-07-02, 2026-07-09"
63,9014989824,Vijay,,,,GIC,2026-06-18 21:26:39,"2026-06-18, 2026-07-02, 2026-07-09"
64,9553223877,Anil kumar Davagni,,,,GIC,2026-07-22 00:00:00,
65,9885763619,Manoj,,,,GIC,2026-07-22 00:00:00,
66,9908869338,Nagendra Wipro Manikonda,,,,GIC,2026-07-22 00:00:00,
67,7854847020,🙏🦚radhe radhe🦚 (R.K.D),,,,GIC,2026-07-22 00:00:00,
68,8185099919,Ak Ravi,,,,GIC,2026-06-18 19:41:12,2026-06-18
69,6302637805,Ajay Kumar,,,,GIC,2026-07-22 00:00:00,
70,8328522798,Ajay Kumar,,,,GIC,2025-05-09 12:44:17,"2025-03-27, 2025-04-10, 2025-04-17"
71,9693134264,Mrityumjay,,,,GIC,2026-07-22 00:00:00,
72,7674935694,AravindV,,,,GIC,2026-07-22 00:00:00,
73,9755344522,Arpit,,,,GIC,2026-07-22 00:00:00,
74,9010301753,Ravindra,,,,GIC,2026-07-22 00:00:00,
75,9177595771,Venktesh,,,,GIC,2026-07-22 00:00:00,
76,9618585893,,,,,GIC,2026-07-22 00:00:00,
77,6301650560,Aaditya,,,,GIC,2026-07-22 00:00:00,
78,7744882566,Sahil,,,,GIC,2026-07-22 00:00:00,
79,7667216440,Aaditya,,,,GIC,2026-06-18 19:31:29,"2026-06-18, 2026-07-02, 2026-07-09"
80,9533165097,Aravind Reddy,,,,GIC,2026-07-22 00:00:00,
81,9891316351,,,,,GIC,2026-07-22 00:00:00,
82,6300224641,Devi Vardhan,,,,GIC,2026-07-22 00:00:00,
83,9908861267,Vivek,,,,GIC,2026-07-22 00:00:00,
84,9679617483,Priyanshu,,,,GIC,2026-07-22 00:00:00,
85,9405512436,Harsh,,,,GIC,2026-07-22 00:00:00,
86,9397078953,Santosh,,,,GIC,2026-07-22 00:00:00,
87,7981918612,,,,,GIC,2026-07-22 00:00:00,
88,7993412492,,,,,GIC,2026-07-22 00:00:00,
89,9398163784,Bhargaw,,,,GIC,2026-07-22 00:00:00,
90,6281940326,,,,,GIC,2026-07-22 00:00:00,
91,9347866545,,,,,GIC,2026-07-22 00:00:00,
92,7036603307,Teja Nalluri,,,,GIC,2026-07-22 00:00:00,
93,8247851988,Shreyas,,,,GIC,2026-07-22 00:00:00,
94,8374405971,Giri Babu,,,,GIC,2026-07-22 00:00:00,
95,9516713572,Rocky,,,,GIC,2026-07-22 00:00:00,
96,7337432215,Shiva,,,,GIC,2026-07-22 00:00:00,
97,8897456287,Vijay,,,,GIC,2026-07-22 00:00:00,
98,6371624446,Sumit,,,,GIC,2026-06-18 20:13:26,"2026-06-18, 2026-07-02"
99,8247516992,Vinod,,,,GIC,2026-07-02 19:40:49,"2026-07-02, 2026-07-09"
100,7675802282,Chaitanya,,,,GIC,2026-07-22 00:00:00,
101,8073418312,Ashish,,,,GIC,2026-07-22 00:00:00,
102,9958572657,Suraj,,,,GIC,2026-07-22 00:00:00,
103,7416604765,Rohit,,,,GIC,2026-07-22 00:00:00,
104,9392702001,Sanjeev Reddy,,,,GIC,2026-06-18 19:44:08,2026-06-18
105,8639513941,Sai Murali,,,,GIC,2026-07-22 00:00:00,
106,8877284597,Priyanshu,,,,GIC,2026-07-22 00:00:00,
107,8297444195,Nagendra Babu,,,,GIC,2026-07-22 00:00:00,
108,9002182521,Subhajit,,,,GIC,2026-07-22 00:00:00,
109,7538845303,Sundar,,,,GIC,2026-07-22 00:00:00,
110,9392294565,Kumar,,,,GIC,2026-07-22 00:00:00,
111,8762914362,Sachin,,,,GIC,2026-07-22 00:00:00,
112,8655378887,Anatha Krishna,,,,GIC,2026-07-22 00:00:00,
113,8639605050,,,,,GIC,2026-07-22 00:00:00,
114,7893797143,Manikanta,,,,GIC,2026-07-22 00:00:00,
115,8639182588,,,,,GIC,2026-07-22 00:00:00,
116,7569588894,,,,,GIC,2026-07-22 00:00:00,
117,6009748845,Deebarun,,,,GIC,2026-07-22 00:00:00,
118,7989831473,Ram,,,,GIC,2026-07-22 00:00:00,
119,8956187010,Shubam,,,,GIC,2026-07-22 00:00:00,
120,9398345490,,,,,GIC,2026-07-22 00:00:00,
121,9392437905,,,,,GIC,2026-07-22 00:00:00,
122,6305879678,Shiva,,,,GIC,2026-07-22 00:00:00,
123,9059657549,,,,,GIC,2026-07-22 00:00:00,
124,8184871604,,,,,GIC,2026-07-22 00:00:00,
125,6304149781,,,,,GIC,2026-07-22 00:00:00,
126,9063693754,Sai Teja,,,,GIC,2026-07-22 00:00:00,
127,6309771450,Sai Teja,,,,GIC,2026-07-22 00:00:00,
128,9177332064,Rohith,,,,GIC,2026-07-22 00:00:00,
129,7799088566,Naveen,,,,GIC,2026-07-22 00:00:00,
130,7489697190,Anurag,,,,GIC,2026-07-22 00:00:00,
131,8142099098,Venki,,,,GIC,2026-07-22 00:00:00,
132,7842560146,John,,,,GIC,2026-06-18 21:23:55,2026-06-18
133,8149633683,Ranjay Singh,,,,GIC,2026-07-22 00:00:00,
134,9100161378,Krishna,,,,GIC,2026-07-22 00:00:00,
135,9652909089,Manoj,,,,GIC,2026-07-22 00:00:00,
136,9946185580,Nitin,,,,GIC,2026-07-22 00:00:00,
137,9654567169,Yash,,,,GIC,2026-07-22 00:00:00,
138,7406243236,Rohan Pawar,,,,GIC,2026-07-22 00:00:00,
139,9503259597,Rahul,,,,GIC,2026-07-22 00:00:00,
140,9491941802,Jagadeesh,,,,GIC,2026-07-22 00:00:00,
141,7042565593,Tarun Srivastava,,,,GIC,2026-07-22 00:00:00,
142,7997465394,Satya,,,,GIC,2026-07-22 00:00:00,
143,8838285310,Satish,,,,GIC,2026-07-22 00:00:00,
144,9491319576,Dheeraj,,,,GIC,2026-07-22 00:00:00,
145,8074666960,pavan,,,,GIC,2026-07-22 00:00:00,
146,8297327254,sai kishore,,,,GIC,2026-07-22 00:00:00,
147,7995877842,,,,,GIC,2026-07-22 00:00:00,
148,6305006517,,,,,GIC,2026-07-22 00:00:00,
149,8125227252,,,,,GIC,2026-07-22 00:00:00,
150,8688742422,,,,,GIC,2026-07-22 00:00:00,
151,8792241880,,,,,GIC,2026-05-14 19:59:53,2026-05-14
152,9573067677,,,,,GIC,2026-07-22 00:00:00,
153,9866398913,,,,,GIC,2026-07-22 00:00:00,
154,6363491634,,,,,GIC,2026-07-22 00:00:00,
155,7286891691,,,,,GIC,2026-07-22 00:00:00,
156,9908732163,,,,,GIC,2026-07-22 00:00:00,
157,9108604838,,,,,GIC,2026-07-22 00:00:00,
158,7672018022,,,,,GIC,2026-03-12 21:18:35,
159,9542730814,,,,,GIC,2026-07-22 00:00:00,
160,9494096766,,,,,GIC,2026-07-22 00:00:00,
161,6281115314,,,,,GIC,2026-07-22 00:00:00,
162,8801151583,bala,,,,GIC,2026-07-02 20:04:22,2026-07-09
163,9951739192,,,,,GIC,2026-07-22 00:00:00,
164,7702433046,,,,,GIC,2026-07-22 00:00:00,
165,8328120472,,,,,GIC,2026-07-22 00:00:00,
166,7799675225,,,,,GIC,2026-07-22 00:00:00,
167,9919997888,,,,,GIC,2026-07-09 19:36:49,2026-07-09
168,7978320431,Santosh,,,,GIC,2026-07-22 00:00:00,
169,6303776303,Santosh,,,,GIC,2026-07-22 00:00:00,
170,7411049469,Yashwanth,,,,GIC,2026-07-22 00:00:00,
171,7032161965,Ravi Krishna,,,,GIC,2026-07-22 00:00:00,
172,8919095877,Shivaji,,,,GIC,2026-07-22 00:00:00,
173,8309607002,Prudhvi,,,,GIC,2026-05-14 20:19:39,2026-05-14
174,6304264067,Siva,,,,GIC,2026-07-22 00:00:00,
175,9782939801,Dharmik jain,,,,GIC,2026-07-22 00:00:00,
176,7013984707,M.Phani krishna,,,,GIC,2026-07-22 00:00:00,
177,8309437254,Veeresham,,,,GIC,2026-05-07 20:35:59,"2026-05-07, 2026-05-14, 2026-07-09"
178,7661820998,Nagababu,,,,GIC,2026-05-07 20:42:35,"2026-05-07, 2026-05-14, 2026-06-18"
179,9177954584,Karthik,,,,GIC,2026-05-07 20:45:23,2026-05-07
180,8581873472,Roshan Kumar,,,,GIC,2026-07-22 00:00:00,
181,9870440569,Sonu,,,,GIC,2026-07-22 00:00:00,
182,9346761902,ABHILASH REDDY YANAGUNDE,,,,GIC,2026-03-12 19:51:52,2026-03-12
183,8500090619,,,,,GIC,2026-07-22 00:00:00,
184,9347723327,,,,,GIC,2026-07-22 00:00:00,
185,7989061168,,,,,GIC,2026-07-22 00:00:00,
186,6302364797,,,,,GIC,2026-07-22 00:00:00,
187,8500800246,,,,,GIC,2026-07-22 00:00:00,
188,9381269123,,,,,GIC,2026-07-22 00:00:00,
189,7095443598,,,,,GIC,2026-07-22 00:00:00,
190,8378021106,,,,,GIC,2026-07-22 00:00:00,
191,9640155909,Shyam,,,,GIC,2026-07-22 00:00:00,
192,8919537348,SRIKAR,,,,GIC,2026-03-12 19:11:09,2026-03-12
193,9541322837,sunanda rout,,,,GIC,2026-07-22 00:00:00,
194,9182100688,Tarun,,,,GIC,2026-07-22 00:00:00,
195,9542621823,Uday,,,,GIC,2026-07-22 00:00:00,
196,9849117567,Uday Bhaskar,,,,GIC,2026-07-22 00:00:00,
197,9494663668,Vasu,,,,GIC,2026-07-22 00:00:00,
198,7032554243,vijay,,,,GIC,2026-07-22 00:00:00,
199,8712855565,Ravindra Reddy,,,,GIC,2026-07-22 00:00:00,
200,9515895999,sai ganesh,,,,GIC,2026-07-22 00:00:00,
201,9392558346,Jagadeesh,,,,GIC,2026-07-22 00:00:00,
202,9756895263,steve,,,,GIC,2026-07-22 00:00:00,
203,6362821144,,,,,GIC,2026-07-22 00:00:00,
204,8985701578,Abhinav,,,,GIC,2026-07-22 00:00:00,
205,9000205653,Sandeep,,,,GIC,2026-07-22 00:00:00,
206,9689047021,Yash,,,,GIC,2026-07-22 00:00:00,
207,8073372830,Uday,,,,GIC,2026-07-22 00:00:00,
208,9908047355,Sai kumar,,,,GIC,2026-07-22 00:00:00,
209,7672066201,Akhil,,,,GIC,2026-07-22 00:00:00,
210,7702423226,Navneet,,,,GIC,2026-07-22 00:00:00,
211,9764086828,Shivam Mukhedkar,,,,GIC,2026-07-09 19:27:38,2026-07-09
212,7386839018,Jayanth,,,,GIC,2026-07-22 00:00:00,
213,9381255869,Akhil,,,,GIC,2026-07-22 00:00:00,
214,6305443618,Cherish,,,,GIC,2026-07-22 00:00:00,
215,9063420261,Sai kumar,,,,GIC,2026-07-22 00:00:00,
216,6304107292,Yuktesh,,,,GIC,2026-06-18 19:45:30,2026-06-18
217,7672035301,Lokesh,,,,GIC,2026-07-22 00:00:00,
218,9798751800,vijay,,,,GIC,2026-07-22 00:00:00,
219,9182294112,Rohan,,,,GIC,2026-07-22 00:00:00,
220,9078283843,Dushmanth,,,,GIC,2026-07-22 00:00:00,
221,7205162979,,,,,GIC,2026-07-22 00:00:00,
222,8919433421,Ramesh,,,,GIC,2026-07-22 00:00:00,
223,8978082388,Gagan,,,,GIC,2026-07-22 00:00:00,
224,9063316300,,,,,GIC,2026-07-22 00:00:00,
225,6303233061,,,,,GIC,2026-07-22 00:00:00,
226,9392030307,Ashwith,,,,GIC,2026-07-22 00:00:00,
227,7995117568,,,,,GIC,2026-07-22 00:00:00,
228,9381589595,Gopichand,,,,GIC,2026-07-22 00:00:00,
229,8523864991,Dharmendhra,,,,GIC,2026-07-22 00:00:00,
230,9705105023,,,,,GIC,2026-07-22 00:00:00,
231,9505045755,,,,,GIC,2026-07-22 00:00:00,
232,9652338402,Sathyanarayana,,,,GIC,2026-07-22 00:00:00,
233,9731356451,,,,,GIC,2026-07-22 00:00:00,
234,9182550182,Manjunath,,,,GIC,2026-07-22 00:00:00,
235,9035978145,Vishwanath,,,,GIC,2026-07-09 19:26:23,2026-07-09
236,8074952077,Nagesh,,,,GIC,2026-07-22 00:00:00,
237,9182523443,,,,,GIC,2026-07-22 00:00:00,
238,9493384369,Jagan,,,,GIC,2025-10-30 20:36:24,"2025-10-30, 2026-04-16"
239,8367086151,Anil Kumar Aravapalli,,,,GIC,2025-12-18 20:05:39,"2025-12-18, 2026-03-12"
240,9456047893,Nikhil Parsurampuria,,,,GIC,2026-07-22 00:00:00,
241,7658021562,Raghav,,,,GIC,2026-04-09 20:24:39,
242,7028299906,Praful,,,,GIC,2026-03-12 19:30:52,2026-03-12
243,6300861704,Shashi Preetham Marka,,,,GIC,2026-04-09 20:25:41,"2026-04-09, 2026-06-18, 2026-07-02, 2026-07-09"
244,9381308446,M Vishnu Teja,,,,GIC,2026-04-09 21:42:50,"2026-04-09, 2026-04-16, 2026-04-16, 2026-04-23, 2026-05-07, 2026-06-18"
245,9866223035,Divyateja,,,,GIC,2026-04-16 19:57:08,"2026-04-16, 2026-04-23, 2026-05-07, 2026-06-18, 2026-07-02"
246,6304406562,Lalithesh Sai Balu M,,,,GIC,2026-04-16 19:58:15,"2026-04-16, 2026-04-23, 2026-05-07"
247,9908654741,Hrushikesh,,,,GIC,2026-04-16 20:00:25,2026-04-16
248,9441615097,Anil Kumar,,,,GIC,2026-04-16 20:28:43,2026-04-16
249,9666990980,Yarada Sagar,,,,GIC,2026-04-16 21:26:01,"2026-04-16, 2026-05-14"
250,9347764883,Sunil,,,,GIC,2026-07-22 00:00:00,
251,9603203232,Naresh,,,,GIC,2026-07-22 00:00:00,
252,9553863749,ram gopal,,,,GIC,2026-07-22 00:00:00,
253,9515451299,Vaibhav,,,,GIC,2026-07-22 00:00:00,
254,9573583436,Sri Charan,,,,GIC,2026-07-22 00:00:00,
255,7396138867,Sandeep,,,,GIC,2026-07-22 00:00:00,
256,9966403760,Anil,,,,GIC,2026-07-22 00:00:00,
257,7036387998,Gowri Shankar,,,,GIC,2026-07-22 00:00:00,
258,7036963232,Kodanda pani,,,,GIC,2026-07-22 00:00:00,
259,7075825000,sai dinesh,,,,GIC,2026-07-22 00:00:00,
260,7993279641,revanth,,,,GIC,2026-07-22 00:00:00,
261,9989948138,raju,,,,GIC,2026-07-22 00:00:00,
262,7059622727,Krishnendu Mitra,,,,GIC,2026-07-22 00:00:00,
263,9610930533,,,,,GIC,2026-07-22 00:00:00,
264,7787042163,suraj Kumar Panda,,,,GIC,2026-07-22 00:00:00,
265,8184971281,Abhinay,,,,GIC,2026-07-22 00:00:00,
266,9672447685,ghan syam,,,,GIC,2026-07-22 00:00:00,
267,7780252258,rithvik neelam,,,,GIC,2026-07-22 00:00:00,
268,9177639055,vishal,,,,GIC,2026-07-22 00:00:00,
269,8885227412,mahit Sai,,,,GIC,2026-07-22 00:00:00,
270,9966214908,Munna,,,,GIC,2026-07-22 00:00:00,
271,9908312681,harshavardhan Santosh,,,,GIC,2026-07-22 00:00:00,
272,7259556158,Sunil,,,,GIC,2026-07-22 00:00:00,
273,8686861504,Amruth,,,,GIC,2026-07-22 00:00:00,
274,9587024655,Traus,,,,GIC,2026-07-22 00:00:00,
275,7981883532,Phani kumar,,,,GIC,2026-07-22 00:00:00,
276,7483564086,Prithvi,,,,GIC,2026-07-22 00:00:00,
277,9390610327,Shashank,,,,GIC,2026-07-22 00:00:00,
278,9666381128,sri ganesh,,,,GIC,2026-07-22 00:00:00,
279,9959102954,ramanuja,,,,GIC,2026-07-22 00:00:00,
280,9108313735,,,,,GIC,2026-07-22 00:00:00,
281,8978526719,,,,,GIC,2026-07-22 00:00:00,
282,9515792944,,,,,GIC,2026-07-22 00:00:00,
283,9121887124,,,,,GIC,2026-07-22 00:00:00,
284,9177278680,Ravi Yadav,,,,GIC,2026-07-22 00:00:00,
285,6309326009,,,,,GIC,2026-07-22 00:00:00,
286,8074397103,,,,,GIC,2026-07-22 00:00:00,
287,6281747967,,,,,GIC,2026-07-22 00:00:00,
288,9502482447,,,,,GIC,2026-07-22 00:00:00,
289,9542322302,,,,,GIC,2026-07-22 00:00:00,
290,6303736318,,,,,GIC,2026-07-22 00:00:00,
291,6281057242,,,,,GIC,2026-07-22 00:00:00,
292,9611269979,,,,,GIC,2026-07-22 00:00:00,
293,7097810670,Veerla Manikanta,,,,GIC,2025-05-09 12:44:17,"2024-12-12, 2024-12-19"
294,9866934898,Subramanya Bhupesh,,,,GIC,2025-05-09 12:44:17,"2024-12-16, 2025-05-09"
295,8143497585,Deva gopi Krishna,,,,GIC,2025-05-09 12:44:17,2024-12-16
296,7416664469,Saiswarup,,,,GIC,2025-05-09 12:44:17,2024-12-16
297,9491512499,Hemanth Kumar Patnala,,,,GIC,2025-05-09 12:44:17,2024-12-16
298,7337005381,Naveen,,,,GIC,2025-05-09 12:44:17,"2024-12-16, 2024-12-19, 2024-12-26"
299,8500402473,Prasanth,,,,GIC,2025-05-09 12:44:17,2024-12-16
300,8389090012,Chhotan Mandal,,,,GIC,2025-05-09 12:44:17,"2024-12-17, 2024-12-26, 2025-01-30, 2025-02-27, 2025-03-20, 2025-03-27, 2025-04-03, 2025-04-10, 2025-05-01, 2025-05-15, 2025-06-05, 2025-06-12, 2025-06-19, 2025-06-26, 2025-07-03, 2025-07-10, 2025-07-17, 2025-07-31, 2025-08-14, 2025-08-21, 2025-09-04"
301,7989869036,Siriki kishore,,,,GIC,2025-05-09 12:44:17,"2024-12-18, 2024-12-19, 2024-12-26"
302,8074141473,Beenapelly ajay,,,,GIC,2025-05-09 12:44:17,2024-12-19
303,7997494985,Durga Prasad,,,,GIC,2025-05-09 12:44:17,2024-12-19
304,8897688117,B Hemanth,,,,GIC,2025-05-09 12:44:17,"2024-12-19, 2024-12-26, 2025-01-16, 2025-01-30, 2025-03-06, 2025-04-03, 2025-04-10, 2025-05-01"
305,9030124305,Snkd,,,,GIC,2025-05-09 12:44:17,"2024-12-12, 2024-12-19"
306,9316606510,Ankit rai,,,,GIC,2025-05-09 12:44:17,2024-12-26
307,6302808794,Bhavani prasad,,,,GIC,2025-05-09 12:44:17,2024-12-26
308,8328675283,Vishnu,,,,GIC,2025-05-09 12:44:17,2024-12-26
309,7001087070,Bholanath Mandal,,,,GIC,2025-05-09 12:44:17,"2025-01-16, 2025-07-17"
310,7718388532,Pankaj Mandal,,,,GIC,2025-05-09 12:44:17,2025-01-16
311,8466064899,Vikranth murthy,,,,GIC,2025-05-09 12:44:17,"2025-01-30, 2025-03-20, 2025-04-10, 2025-05-15, 2025-05-22, 2025-05-29, 2025-06-12, 2025-07-03, 2025-07-10, 2025-07-31, 2025-08-14, 2025-12-18, 2026-02-26, 2026-04-23, 2026-07-02, 2026-07-09"
312,8074334183,Bapan mandal,,,,GIC,2025-05-09 12:44:17,2025-01-30
313,7794089918,Saikiran thogaru,,,,GIC,2025-05-09 12:44:17,2025-01-30
314,9398590918,Somasankar,,,,GIC,2025-05-09 12:44:17,"2025-02-27, 2025-03-06, 2025-03-20"
315,6302017475,Joshi Abhinay,,,,GIC,2025-05-09 12:44:17,"2025-02-27, 2025-03-06, 2025-03-20, 2025-03-27, 2025-04-03, 2025-04-10, 2025-04-17, 2025-05-15, 2025-05-22, 2025-05-29, 2025-06-05, 2025-06-12, 2025-07-10, 2025-07-17, 2025-07-31, 2025-08-21, 2025-09-04, 2025-09-18, 2025-11-06, 2026-02-26, 2026-03-12, 2026-04-16, 2026-04-23, 2026-05-07, 2026-05-14, 2026-07-02, 2026-07-09"
316,8328299142,Keshava,,,,GIC,2025-05-09 12:44:17,"2025-03-06, 2025-06-19, 2025-06-26, 2025-07-03, 2025-07-31, 2026-04-23"
317,9154689543,Daram snehith,,,,GIC,2025-05-09 12:44:17,"2025-03-06, 2025-03-20, 2025-03-27, 2025-04-03, 2025-04-10, 2025-04-17, 2025-04-24, 2025-05-01, 2025-05-08, 2025-05-29, 2025-06-05, 2025-06-12, 2025-06-19, 2025-06-26, 2025-07-03, 2025-07-10, 2025-07-17, 2025-07-31, 2025-08-14, 2025-08-21, 2025-09-04, 2025-09-18, 2025-10-09, 2025-10-30, 2025-11-06, 2025-11-20, 2025-11-20, 2026-02-26, 2026-02-26, 2026-03-05, 2026-03-05, 2026-03-12, 2026-04-09, 2026-04-16, 2026-04-23, 2026-04-23, 2026-05-07, 2026-05-14, 2026-06-18, 2026-07-02, 2026-07-09"
318,7997442298,Gannoju Sai Teja,,,,GIC,2025-05-09 12:44:17,"2025-03-06, 2025-03-20, 2025-03-27, 2025-04-03"
319,9110737842,Tejavardhan,,,,GIC,2025-05-09 12:44:17,"2025-03-06, 2025-03-20, 2025-03-27, 2025-04-03, 2025-04-17, 2025-05-01, 2025-05-08, 2025-05-08, 2025-05-29, 2025-06-05, 2025-06-19, 2025-06-26, 2025-07-10, 2025-08-14, 2025-08-21, 2025-10-09, 2025-10-30, 2025-11-06, 2025-11-20, 2025-12-18, 2026-02-26, 2026-02-26, 2026-03-05, 2026-03-12, 2026-04-16, 2026-05-14, 2026-06-18, 2026-07-09"
320,9573697531,Tanuj kumar,,,,GIC,2025-05-09 12:44:17,"2025-03-06, 2025-03-20, 2025-03-27"
321,9346440204,Repaka Sai Navatej,,,,GIC,2025-05-09 12:44:17,2025-03-06
322,8465825814,Prasanth,,,,GIC,2025-05-09 12:44:17,2025-03-06
323,9806463469,Neeraj jaiswal,,,,GIC,2025-05-09 12:44:17,"2025-03-20, 2025-04-03, 2025-04-10, 2025-04-24, 2025-05-08, 2025-05-15, 2025-06-05, 2025-06-12, 2025-06-19, 2025-07-10, 2025-07-17, 2025-07-31"
324,8374517636,Raja Sekhar,,,,GIC,2025-05-09 12:44:17,"2025-03-20, 2025-06-05"
325,9739092233,K.sharavana,,,,GIC,2025-05-09 12:44:17,"2025-03-20, 2025-03-27, 2025-04-10, 2025-05-29"
326,7815958506,Aryan,,,,GIC,2025-05-09 12:44:17,"2025-03-20, 2025-03-27, 2025-04-03, 2025-04-10, 2025-04-24, 2025-05-01, 2025-05-08, 2025-05-29, 2025-06-05, 2025-06-12, 2025-06-26, 2025-07-10, 2025-07-17, 2025-07-31, 2025-08-14, 2025-08-21, 2025-09-04, 2025-09-18, 2025-10-09, 2025-10-30, 2025-11-06, 2025-11-20, 2025-12-18, 2026-02-26, 2026-03-05, 2026-04-09, 2026-04-16, 2026-04-23, 2026-05-07, 2026-05-14, 2026-06-18, 2026-07-02, 2026-07-09"
327,8019426972,Ganesh,,,,GIC,2025-05-09 12:44:17,"2025-03-20, 2025-03-27, 2025-04-10, 2025-06-19, 2025-06-26, 2025-07-03, 2025-07-10, 2025-07-31, 2025-08-14"
328,7396697169,Ashrith Nanda Chowdary,,,,GIC,2025-05-09 12:44:17,"2025-03-20, 2025-03-27, 2025-04-03, 2025-04-10"
329,9133059268,Vishal,,,,GIC,2025-05-09 12:44:17,"2025-03-20, 2025-04-24, 2025-05-01, 2025-05-29, 2025-06-26"
330,9438676374,Srichandan panda,,,,GIC,2025-05-09 12:44:17,2025-03-20
331,9000490023,Kunaal,,,,GIC,2025-05-09 12:44:17,"2025-03-27, 2025-04-03, 2025-04-10, 2025-04-17, 2025-04-24, 2025-05-01, 2025-05-08, 2025-06-05, 2025-06-12, 2025-06-19, 2025-06-26, 2025-07-03, 2025-07-10, 2025-07-31"
332,9177994824,Vishal,,,,GIC,2025-05-09 12:44:17,"2025-03-27, 2025-04-03, 2025-04-10"
333,6300814726,Jakkaraju keerthan,,,,GIC,2025-05-09 12:44:17,2025-03-27
334,9381501466,S. Abhishek,,,,GIC,2025-05-09 12:44:17,2025-03-27
335,9347839745,V Dhanunjay Reddy,,,,GIC,2025-05-09 12:44:17,"2025-03-27, 2025-04-03, 2025-04-10"
336,6303615517,R.Rohith,,,,GIC,2025-05-09 12:44:17,2025-03-27
337,6303728014,Vaibhav chari,,,,GIC,2025-05-09 12:44:17,"2025-03-27, 2025-04-10, 2025-04-17, 2025-05-01, 2025-05-08"
338,8919871117,Avinash Reddy,,,,GIC,2025-05-09 12:44:17,"2025-03-27, 2025-04-03, 2025-04-10, 2025-04-17, 2025-05-01, 2025-05-08, 2025-06-05, 2025-07-03, 2025-07-10, 2026-05-14"
339,8639470302,Guna preetam,,,,GIC,2025-05-09 12:44:17,"2025-03-27, 2025-04-03, 2025-04-17, 2025-05-01, 2025-05-29, 2025-06-05, 2025-06-12, 2025-06-12, 2025-06-19, 2025-06-26, 2025-07-03, 2025-07-10, 2025-07-17, 2025-07-31, 2025-08-14, 2025-08-21, 2025-09-04, 2025-09-18, 2025-10-30, 2025-11-06, 2025-12-18, 2026-03-05, 2026-03-12"
340,9392824994,P.Tilak,,,,GIC,2025-05-09 12:44:17,2025-03-27
341,7036261524,Rushi Kumar,,,,GIC,2025-05-09 12:44:17,"2025-04-03, 2025-04-10"
342,9640001289,Bhuvanesh,,,,GIC,2025-05-09 12:44:17,2025-04-03
343,7780441935,Vivek Vardhan Behara,,,,GIC,2025-05-09 12:44:17,"2025-04-03, 2025-05-01, 2025-05-29, 2025-06-05, 2025-06-19, 2025-07-10, 2025-09-04, 2025-10-09, 2025-11-06"
344,8555826811,K.karthik goud,,,,GIC,2025-05-09 12:44:17,"2025-04-10, 2025-07-17"
345,7702482018,Rakesh vadlamudi,,,,GIC,2025-05-09 12:44:17,"2025-04-17, 2025-04-24, 2025-05-01, 2025-05-08, 2025-05-15, 2025-05-22, 2025-07-03"
346,9493076766,Arka,,,,GIC,2025-05-09 12:44:17,"2025-04-17, 2025-04-24, 2025-05-01, 2025-05-08, 2025-05-22, 2025-05-29, 2025-06-19, 2025-06-26, 2025-12-18, 2026-02-26"
347,9390927165,P. Sai vardhan,,,,GIC,2025-05-09 12:44:17,"2025-04-17, 2025-05-01, 2025-05-08, 2025-05-29, 2025-06-05, 2025-06-19, 2025-06-26, 2025-07-03, 2025-07-10, 2025-07-17, 2025-07-31, 2025-08-21, 2025-09-04, 2025-09-18, 2025-10-09, 2025-10-30, 2025-11-06, 2025-12-18, 2026-02-26, 2026-02-26, 2026-03-12, 2026-03-12, 2026-04-09, 2026-04-23, 2026-05-07, 2026-05-14, 2026-06-18, 2026-07-02, 2026-07-09"
348,9826996727,Vyanktesh Guruswami,,,,GIC,2025-05-09 12:44:17,"2025-04-17, 2025-04-24, 2025-05-01, 2025-05-15, 2025-05-22, 2025-05-29, 2025-06-05, 2025-06-12, 2025-06-19, 2025-06-26, 2025-07-03, 2025-07-10, 2025-07-17, 2025-07-31, 2025-08-14, 2025-08-21, 2025-09-04, 2025-09-18, 2025-10-09, 2025-10-30, 2025-11-06, 2025-11-20, 2026-02-26, 2026-02-26, 2026-03-05, 2026-03-05, 2026-03-12, 2026-04-09, 2026-04-16, 2026-04-23, 2026-05-07, 2026-05-14, 2026-06-18, 2026-07-02, 2026-07-09"
349,9849008416,Dabbula sai ganesh reddy,,,,GIC,2025-05-09 12:44:17,2025-04-17
350,8885244181,Sai Shashank chinthala,,,,GIC,2025-05-09 12:44:17,"2025-04-17, 2025-05-01, 2025-05-08, 2025-06-19"
351,7848929610,S. Simanchal reddy,,,,GIC,2025-05-09 12:44:17,"2025-04-24, 2025-05-01, 2025-05-08, 2025-05-15, 2025-05-29, 2025-07-17"
352,9334859726,Abhiram kumar,,,,GIC,2025-05-09 12:44:17,"2025-04-24, 2025-05-01, 2025-05-08, 2025-05-15, 2025-06-19, 2025-06-26, 2025-07-03, 2025-07-10, 2025-07-17, 2025-07-31, 2025-09-04, 2025-11-06"
353,9959932724,D. Avinash,,,,GIC,2025-05-09 12:44:17,"2025-05-01, 2025-05-08, 2025-10-09, 2026-05-14, 2026-06-18"
354,6300524244,Surya D,,,,GIC,2025-05-09 12:44:17,2025-05-01
355,7330826922,K. Bala kishan,,,,GIC,2025-05-09 12:44:17,"2025-05-01, 2025-08-21, 2025-09-04"
356,6204788380,Anuj Kumar Singh,,,,GIC,2025-05-09 12:44:17,2025-05-01
357,7004885398,Abhishek,,,,GIC,2025-05-09 12:44:17,2025-05-01
358,7032290293,Ponugoti Kruthik,,,,GIC,2025-05-09 12:44:17,"2025-05-01, 2025-05-08, 2025-05-29, 2025-06-05, 2025-06-12, 2025-06-26, 2025-07-03, 2025-07-10, 2025-07-17, 2025-07-17, 2025-07-31, 2025-07-31, 2025-08-14, 2025-08-21, 2025-09-04"
359,7584015019,Radheshyam mandal,,,,GIC,2025-05-09 12:44:17,2025-05-01
360,7557003570,Toto mandal,,,,GIC,2025-05-09 12:44:17,2025-05-01
361,8688247393,Shiva,,,,GIC,2025-05-09 12:44:17,"2025-05-08, 2025-07-17, 2025-07-31, 2025-08-14, 2025-09-18, 2025-10-09, 2025-11-06, 2025-12-18, 2026-02-26, 2026-02-26, 2026-04-23, 2026-05-14, 2026-06-18, 2026-07-02"
362,9011496353,Swapnil Ghadge,,,,GIC,2025-05-09 12:44:17,2025-05-08
363,7997569394,Naveenn Sai Koyi,,,,GIC,2025-05-09 12:44:17,"2025-05-08, 2025-05-15, 2025-05-22"
364,7416721102,Charan Teja M,,,,GIC,2025-05-09 12:44:17,"2025-05-08, 2025-05-15, 2025-05-22"
365,9494725551,Sitaram turaka,,,,GIC,2025-05-09 12:44:17,2025-05-08
366,7040338157,Vishal patil,,,,GIC,2025-05-09 12:44:42,"2024-12-12, 2024-12-19, 2024-12-26, 2025-01-30, 2025-02-27, 2025-03-06, 2025-03-20, 2025-03-27, 2025-04-10, 2025-05-08, 2025-05-29, 2025-06-05, 2025-06-19, 2025-06-19, 2025-07-10"
367,6302499585,Abhinav,,,,GIC,2025-05-09 16:08:06,"2025-05-22, 2025-05-22, 2025-05-29, 2025-06-05, 2025-06-19, 2025-06-26, 2025-07-10"
368,9123029310,Sujay Hansda,,,,GIC,2025-05-09 16:08:08,"2025-05-22, 2025-05-29, 2025-06-05, 2025-06-12, 2025-06-19, 2025-06-26"
369,9063384390,K srinivas Anish,,,,GIC,2025-05-09 18:12:30,"2025-05-29, 2025-06-05, 2025-06-19, 2025-07-03, 2025-07-10, 2025-07-31, 2025-08-14, 2025-08-21, 2025-12-18, 2026-02-26, 2026-02-26, 2026-03-05, 2026-04-09, 2026-04-16, 2026-04-23, 2026-05-07, 2026-05-14, 2026-06-18"
370,9966389557,Vijay kumar,,,,GIC,2025-05-15 20:33:51,2025-05-29
371,8712627930,Naidu,,,,GIC,2025-05-15 20:41:07,2025-05-29
372,6303499585,Abhinav Sai,,,,GIC,2025-05-22 21:22:44,2025-05-29
373,6383540394,Manoj Priyan,,,,GIC,2025-05-22 21:25:11,2025-05-29
374,9505083410,Venkatesh Bellana,,,,GIC,2025-05-29 19:52:42,"2025-05-29, 2025-06-05, 2025-06-19, 2025-06-26, 2025-07-03"
375,9154732845,Ala Umamahesh Babu,,,,GIC,2025-05-29 20:27:04,"2025-05-29, 2025-06-12, 2025-06-19, 2025-07-03, 2025-07-10, 2025-07-17, 2025-07-31, 2025-08-14, 2025-08-21, 2025-09-04, 2025-09-18, 2025-10-09, 2025-11-06, 2025-12-18, 2026-03-05, 2026-03-12, 2026-04-09, 2026-04-16, 2026-05-14, 2026-06-18"
376,6385349627,Sai krishna,,,,GIC,2025-06-05 19:42:25,"2025-05-29, 2025-06-12, 2025-07-10"
377,8374611985,Rajesh reddy,,,,GIC,2025-06-05 20:38:36,"2025-05-29, 2025-08-21"
378,8185856345,Sai krishna,,,,GIC,2025-06-12 19:57:13,2025-06-12
379,9912835158,Siva Sunanda Kumar,,,,GIC,2025-06-12 20:03:42,2025-06-12
380,9848703151,Sai Sudharshan,,,,GIC,2025-06-12 20:22:19,"2025-06-12, 2025-06-19, 2025-07-10"
381,9494358771,Sai Teja,,,,GIC,2025-06-19 19:38:28,"2025-06-26, 2026-03-05, 2026-04-09, 2026-05-07"
382,9494884744,Karthik,,,,GIC,2025-06-19 19:43:00,2025-06-19
383,8299023118,Mayank Khanna,,,,GIC,2025-06-19 19:51:28,2025-06-19
384,9866996814,Vamshi Gurrala,,,,GIC,2025-06-19 20:00:47,"2025-06-19, 2025-07-03"
385,9392606968,Vivek Varma kalidindi,,,,GIC,2025-06-19 20:34:06,2025-06-19
386,8318920527,Abhay Narayan,,,,GIC,2025-06-19 20:39:37,2025-06-19
387,9491020865,B Sudarshan Reddy,,,,GIC,2025-06-19 20:41:30,2025-06-19
388,9634637043,Akash Pachauri,,,,GIC,2025-06-19 20:57:53,2025-06-19
389,7989537315,Vignesh sadula,,,,GIC,2025-06-26 19:38:38,"2025-06-26, 2025-07-03, 2025-07-10, 2025-07-17, 2025-09-04"
390,7981023639,Lohith,,,,GIC,2025-06-26 19:50:07,"2025-06-26, 2025-07-17, 2025-07-31, 2025-08-14, 2025-08-21, 2025-09-04, 2025-09-18, 2025-10-09"
391,8712631777,M. Sai kiran,,,,GIC,2025-06-26 19:52:52,"2025-06-26, 2025-07-17, 2025-07-31, 2025-08-21, 2025-10-09, 2025-10-30, 2026-02-26, 2026-03-12"
392,9490382865,Kiran,,,,GIC,2025-06-26 19:58:53,2025-06-26
393,6305187871,Harshith Rapelly,,,,GIC,2025-06-26 20:05:13,2025-06-26
394,9154818419,Akula suresh,,,,GIC,2025-06-26 20:24:37,2025-06-26
395,9052661945,Shanmukh naidu,,,,GIC,2025-06-26 20:25:37,2025-06-26
396,8555930045,Praveen,,,,GIC,2025-07-03 19:42:45,2025-07-03
397,9985464914,Sreekanth,,,,GIC,2025-07-03 19:53:14,2025-07-03
398,8333077740,Srikar,,,,GIC,2025-07-03 20:00:03,2025-07-03
399,7053775545,Vineet Raj,,,,GIC,2025-07-03 20:09:11,"2025-07-03, 2025-07-10, 2025-08-14, 2025-08-21, 2025-09-04"
400,9688449784,Deva Arjunan B,,,,GIC,2025-07-17 20:23:09,"2025-07-17, 2025-07-31, 2025-08-14, 2025-08-21, 2025-12-18"
401,7893968018,Upender,,,,GIC,2025-07-17 20:33:54,2025-07-17
402,9490161107,Shiva sai Krishna,,,,GIC,2025-07-31 20:02:50,2025-07-31
403,6002972647,Harekrishna Baishya,,,,GIC,2025-07-31 20:45:20,2025-07-31
404,9348685501,Buddha devotion Behera,,,,GIC,2025-07-31 20:55:34,2025-07-31
405,9014223255,Gujjeti teja,,,,GIC,2025-08-14 19:38:27,2025-08-14
406,9391477182,Jyoti Radithya,,,,GIC,2025-08-14 19:41:23,2025-08-14
407,6305112472,Kuna Shiva Saathvik Simha,,,,GIC,2025-08-14 19:42:13,"2025-08-14, 2026-07-02"
408,9676738102,Hareesh Reddy,,,,GIC,2025-08-21 19:46:32,"2025-08-21, 2025-09-04, 2025-09-18"
409,9030477483,Rahul komuravelly,,,,GIC,2025-08-21 20:21:38,2025-08-21
410,7330689300,Vinod,,,,GIC,2025-08-21 20:33:12,2025-08-21
411,9121516605,Pavan Kalyan,,,,GIC,2025-08-21 21:00:03,2025-08-21
412,8309157223,Vipul,,,,GIC,2025-09-04 20:04:53,2025-09-04
413,8179353931,K Naveen,,,,GIC,2025-09-04 20:40:02,2025-09-04
414,6303100701,Shashank,,,,GIC,2025-09-04 21:45:33,
415,8309547328,Naveen,,,,GIC,2025-09-04 21:47:00,
416,8052521146,Shashwat Sharma,,,,GIC,2025-09-18 19:53:17,"2025-09-18, 2025-10-30, 2025-11-06, 2025-11-20, 2026-03-05, 2026-04-16, 2026-04-23, 2026-05-07, 2026-06-18, 2026-07-02, 2026-07-09"
417,9108631561,Gowtham,,,,GIC,2025-09-18 20:22:47,"2025-09-18, 2025-10-09, 2025-10-30"
418,9100995165,Siva Krishna,,,,GIC,2025-09-18 20:26:12,2025-09-18
419,8000292970,Dushanth,,,,GIC,2025-10-09 19:34:54,"2025-10-09, 2026-02-26, 2026-03-05, 2026-03-12, 2026-04-09, 2026-05-07, 2026-05-14, 2026-06-18, 2026-07-02, 2026-07-09"
420,6371791488,Bikash Raula,,,,GIC,2025-10-09 19:38:10,2025-10-09
421,9154263539,Javahar,,,,GIC,2025-10-09 19:39:48,2025-10-09
422,6378034736,Mudit Dargar,,,,GIC,2025-10-09 20:13:38,"2025-10-09, 2025-10-30, 2025-11-06, 2025-11-20, 2025-12-18, 2026-04-23"
423,7386526801,Dheeraj Masetty,,,,GIC,2025-10-30 19:37:47,"2025-10-30, 2025-11-06"
424,8309614633,Krishna Chaitanya,,,,GIC,2025-10-30 19:40:46,"2025-10-30, 2025-11-20"
425,8688360658,Satish,,,,GIC,2025-10-30 19:42:42,"2025-10-30, 2026-03-12"
426,8789733350,Shivam,,,,GIC,2025-10-30 19:59:46,"2025-10-30, 2025-11-06"
427,9642848197,Ganesh,,,,GIC,2025-10-30 20:21:11,2025-10-30
428,9346893671,Nagarjuna,,,,GIC,2025-10-30 20:28:46,2025-10-30
429,9014899595,Jammu Venkatesh,,,,GIC,2025-10-30 20:30:13,2025-10-30
430,7075226822,Ugadi Harsha Vardhan,,,,GIC,2025-11-06 19:42:45,2025-11-06
431,6305683622,Kartheek Reddy,,,,GIC,2025-11-06 19:43:36,2025-11-06
432,9701702151,Sandeep,,,,GIC,2025-11-06 19:46:00,2025-11-06
433,9573392963,Sai Charan,,,,GIC,2025-11-06 20:28:15,2025-11-06
434,6300603869,Narendra,,,,GIC,2025-12-18 19:38:36,"2025-12-18, 2026-02-26, 2026-03-05, 2026-03-12, 2026-04-09, 2026-04-16, 2026-04-23, 2026-05-07, 2026-05-14, 2026-06-18, 2026-07-02, 2026-07-09"
435,9177307933,Korikani Rajesh,,,,GIC,2025-12-18 19:46:37,
436,9944290097,Nishanth reddy boyalla,,,,GIC,2025-12-18 19:51:45,2025-12-18
437,9966082336,Srisaicharan Achari,,,,GIC,2025-12-18 19:52:54,2025-12-18
438,7487939125,Deepak majhi,,,,GIC,2025-12-18 19:55:20,"2025-12-18, 2026-02-26, 2026-02-26, 2026-03-05, 2026-03-12, 2026-04-09, 2026-04-16, 2026-04-23, 2026-05-07, 2026-05-14, 2026-06-18, 2026-07-02, 2026-07-09"
439,8688214029,Aakash Darsi,,,,GIC,2025-12-18 20:09:37,2025-12-18
440,9490614143,Sumanth,,,,GIC,2025-12-18 20:30:57,
441,7569560546,Devaria Venkata Siva Sai Krishna,,,,GIC,2026-02-26 19:30:20,"2026-02-26, 2026-03-05, 2026-04-09, 2026-04-09, 2026-07-09"
442,8886059222,Harshavardhan,,,,GIC,2026-02-26 19:32:10,"2026-02-26, 2026-02-26"
443,9390676851,Ashwith mukka,,,,GIC,2026-02-26 19:34:24,"2026-02-26, 2026-03-12, 2026-04-09, 2026-04-16, 2026-04-23, 2026-05-14, 2026-06-18, 2026-07-09"
444,7680945766,Deepak,,,,GIC,2026-02-26 20:59:30,2026-02-26
445,6304351478,Hemanth,,,,GIC,2026-02-26 21:15:33,2026-02-26
446,9178734824,Biswa Bhusan Swain,,,,GIC,2026-07-22 00:00:00,
447,7205136942,Bupesh,,,,GIC,2026-07-22 00:00:00,
448,7678079977,Naresh,,,,GIC,2026-07-22 00:00:00,
449,8951452349,Lokesh,,,,GIC,2026-07-22 00:00:00,
450,8985866746,M.Harsha Vardhana,,,,GIC,2026-07-22 00:00:00,
451,6302054717,Mokshaj Althati,,,,GIC,2026-07-22 00:00:00,
452,9000650777,Harsha Doddam,,,,GIC,2026-07-22 00:00:00,
453,7893190853,Yeswanth,,,,GIC,2026-07-22 00:00:00,
454,9491087267,Harinadh Ayyapureddi,,,,GIC,2026-07-22 00:00:00,
455,7893846170,Malladi Saithanuj Reddy,,,,GIC,2026-07-22 00:00:00,
456,9415335735,Sanatan Das,,,,GIC,2026-07-22 00:00:00,
457,9381170407,Sai Dinem,,,,GIC,2026-07-22 00:00:00,
458,9831417775,Vedang Pancholi,,,,GIC,2026-07-22 00:00:00,
459,7893653305,Koyyala prashanth,,,,GIC,2026-07-22 00:00:00,
460,6309498278,Bhanu kiran,,,,GIC,2026-07-22 00:00:00,
461,8187874389,Viswanadham,,,,GIC,2026-07-22 00:00:00,
462,9515334315,Mohan,,,,GIC,2026-04-16 20:32:23,2026-04-16
463,9959711543,Ganesh,,,,GIC,2026-07-22 00:00:00,
464,6300314785,Dushyanth,,,,GIC,2026-07-22 00:00:00,
465,9959098573,Pranay,,,,GIC,2026-07-22 00:00:00,
466,9133414119,Dinesh,,,,GIC,2026-07-22 00:00:00,
467,6300572574,Y Rajasekhar,,,,GIC,2026-07-22 00:00:00,
468,6302057493,Rajnikant,,,,GIC,2026-07-22 00:00:00,
469,8639343959,Sai ram,,,,GIC,2026-03-05 20:03:46,"2026-03-05, 2026-04-09, 2026-04-09, 2026-04-16, 2026-04-23, 2026-05-07, 2026-05-14, 2026-06-18, 2026-07-02, 2026-07-09"
470,9347660510,Sashidhar,,,,GIC,2026-03-05 21:20:57,2026-03-05
471,6377729269,Ayush,,,,GIC,2026-03-05 21:23:38,"2026-03-05, 2026-03-12, 2026-04-09, 2026-04-16"
472,9381186921,Chari,,,,GIC,2026-07-22 00:00:00,
473,9657861982,Amit Singh,,,,GIC,2026-07-22 00:00:00,
474,8008955693,Srinivas Matta,,,,GIC,2026-07-22 00:00:00,
475,9381377949,Sandeep Yadav,,,,GIC,2026-03-12 21:23:37,
476,9013599265,Ajay,,,,GIC,2026-04-09 20:00:55,2026-05-07
477,7697071472,Deepak uikey,,,,GIC,2026-04-09 20:03:01,"2026-04-09, 2026-04-16, 2026-05-07, 2026-06-18"
478,6303331487,Kali Vara Prasad Mallipula,,,,GIC,2026-04-09 20:23:27,"2026-04-16, 2026-04-23, 2026-05-07, 2026-05-14"
479,9392998431,Kantubhukta kumarswamy,,,,GIC,2026-04-16 20:27:13,2026-04-16
480,9951978724,Sai pavan,,,,GIC,2026-04-16 20:29:51,2026-04-16
481,8939586033,Thanga murugan,,,,GIC,2026-04-16 20:31:20,2026-04-16
482,9121153978,Jagadheshwar Reddy,,,,GIC,2026-04-16 21:18:22,2026-04-16
483,8977649057,Karthik,,,,GIC,2026-04-16 21:23:32,2026-04-16
484,9963253358,AJay,,,,GIC,2026-07-22 00:00:00,
485,9686684514,Amit,,,,GIC,2026-07-22 00:00:00,
486,9966753571,Thirumala,,,,GIC,2026-07-22 00:00:00,
487,8123975069,Manohar,,,,GIC,2026-07-22 00:00:00,
488,7997187338,Kishore,,,,GIC,2026-07-22 00:00:00,
489,7729097523,Suresh,,,,GIC,2026-07-22 00:00:00,
490,7908252969,Rohit kesari,,,,GIC,2026-05-07 21:20:53,2026-05-07
491,7601070451,Mahesh owkuru,,,,GIC,2026-07-22 00:00:00,
492,7989270464,Amarnath,,,,GIC,2026-07-22 00:00:00,
493,8555886540,Ravi Raushan Singh,,,,GIC,2026-07-22 00:00:00,
494,9603589705,Jaya Prakash,,,,GIC,2026-07-02 19:36:09,2026-07-02
495,8019755719,Prasanth,,,,GIC,2026-07-22 00:00:00,
496,6393499986,Sachit,,,,GIC,2026-07-22 00:00:00,
497,8897463434,Naveen,,,,GIC,2026-07-22 00:00:00,
498,8639186139,Yogesh,,,,GIC,2026-07-22 00:00:00,
499,9696647736,Shrajan Jain,,,,GIC,2026-07-22 00:00:00,
500,7842722747,CHENNAMREDDY SREEHARI REDDY,,,,GIC,2026-07-22 00:00:00,
501,9676256480,Hazarathaiah,,,,GIC,2026-07-22 00:00:00,
502,7569514388,Benarjee,,,,GIC,2026-07-22 00:00:00,
503,9494232951,Akhil Babu,,,,GIC,2025-05-09 12:44:17,"2024-12-12, 2024-12-19, 2025-02-27, 2025-03-06, 2025-03-27, 2025-05-01, 2025-05-29, 2025-06-19"
504,6376464100,Aman,,,,GIC,2025-05-09 12:44:17,"2025-01-30, 2025-03-06, 2025-03-20, 2025-03-27, 2025-04-03, 2025-04-17, 2025-05-15, 2025-05-22, 2025-05-29, 2025-06-05, 2025-06-12, 2025-07-03, 2025-07-10, 2025-07-17, 2025-07-31, 2025-10-09, 2026-04-23, 2026-05-07"
505,8074992074,Naga Durga prasad,,,,GIC,2025-05-09 12:44:17,"2025-04-17, 2025-05-01"
506,9090984782,Arabinda Senapati,,,,GIC,2026-03-12 19:28:36,2026-03-12
507,8639514549,Govind,,,,GIC,2026-03-12 21:25:24,
508,9871531241,Kartikesh Gupta,,,,GIC,2026-04-09 19:35:25,2026-04-09
509,7709680290,Omkar,,,,GIC,2026-04-23 20:10:15,"2026-04-23, 2026-05-14"
510,6267878067,Anshul,,,,GIC,2026-04-23 20:13:36,"2026-04-23, 2026-07-09"
511,7386887588,Pavan kumar,,,,GIC,2026-04-23 20:23:45,"2026-04-23, 2026-05-07"
512,8917623325,Mano ranjan,,,,GIC,2026-04-23 20:31:05,2026-04-23
513,6305522079,Sri charan,,,,GIC,2026-04-23 20:35:42,2026-04-23
514,9182808235,Nagaraju,,,,GIC,2026-04-23 20:39:39,2026-04-23
515,9347282915,Suman,,,,GIC,2026-04-23 20:39:51,2026-04-23
516,8977602529,Yashwanth,,,,GIC,2026-04-23 20:46:57,2026-04-23
517,790354206,Causal raj,,,,GIC,2026-05-07 20:33:40,2026-05-07
518,6304264066,Siva Koti,,,,GIC,2026-05-14 21:33:31,2026-05-14
519,8247516993,Vinod,,,,GIC,2026-06-18 19:39:50,2026-06-18
520,8502094218,Lavish Gupta,,,,GIC,2026-06-18 19:47:43,"2026-06-18, 2026-07-02, 2026-07-09"
521,7901333312,Soma Shekar Reddy,,,,GIC,2026-07-02 19:28:12,"2026-07-02, 2026-07-09"
522,7873201746,Ramesh Pulakala,,,,GIC,2026-07-02 19:37:02,2026-07-02
523,7673922773,Santosh Palaka,,,,GIC,2026-07-02 19:54:21,"2026-07-02, 2026-07-09"
524,7351401913,Deepanshu,,,,GIC,2026-07-02 20:02:39,2026-07-09
525,6397687054,Saurabh,,,,GIC,2026-07-02 20:03:14,
526,8328631332,Vinay,,,,GIC,2026-07-02 20:09:05,2026-07-02
527,8406081155,Priyansh,,,,GIC,2026-07-09 19:30:57,2026-07-09
528,8341021106,Sushanth,,,,GIC,2026-07-09 19:32:47,2026-07-09
529,6367503633,Hitesh Patel,,,,GIC,2026-07-09 19:33:59,2026-07-09
530,8228084003,Givesh,,,,GIC,2026-07-09 20:02:05,2026-07-09
531,9392628795,Jaswanth Satya Dev,,,,GIC,2026-07-09 20:16:51,2026-07-09
532,8390159916,Pranay,,,,GIC,2026-07-09 20:49:48,2026-07-09
